	seed	fold	fnr	fpr	acc
0	0.0	0.0	0.0550988758359	0.031227176955	0.95689457655
1	1.0	0.0	0.0485814293756	0.0382610916985	0.959377110004
2	2.0	0.0	0.0432148078974	0.0478618164931	0.958023011684
3	3.0	0.0	0.0392691051557	0.0456991702274	0.961182594299
4	4.0	0.0	0.039104701695	0.0453446411319	0.961182594299
